<?xml version="1.0" encoding="UTF-8"?>
<!DOCTYPE hibernate-configuration PUBLIC "-//Hibernate/Hibernate Configuration DTD 3.0//EN" "http://www.hibernate.org/dtd/hibernate-configuration">
<hibernate-configuration>
  <session-factory>
    <property name="hibernate.dialect">org.hibernate.dialect.MySQLDialect</property>
    <property name="hibernate.connection.driver_class">com.mysql.jdbc.Driver</property>
    <property name="hibernate.connection.url">jdbc:mysql://localhost:3306/siirdb?serverTimezone=UTC</property>
    <property name="hibernate.connection.username">root</property>
    <property name="hibernate.connection.password"/>
    <property name="hibernate.show_sql">true</property>
    <mapping class="com.siira.alpha.Noticias"/>
    <mapping class="com.siira.alpha.Usuario"/>
    
  </session-factory>
</hibernate-configuration>
