<?xml version="1.0"?>
<!DOCTYPE hibernate-mapping PUBLIC "-//Hibernate/Hibernate Mapping DTD 3.0//EN"
"http://hibernate.sourceforge.net/hibernate-mapping-3.0.dtd">
<!-- Generated 07-feb-2019 10:46:35 by Hibernate Tools 3.5.0.Final -->
<hibernate-mapping>
    <class name="com.siira.alpha.Usuario" table="USUARIO">
        <id name="id" type="int">
            <column name="ID" />
            <generator class="assigned" />
        </id>
        <property name="email" type="java.lang.String">
            <column name="EMAIL" />
        </property>
        <property name="nombre" type="java.lang.String">
            <column name="NOMBRE" />
        </property>
        <property name="apellido" type="java.lang.String">
            <column name="APELLIDO" />
        </property>
        <property name="calle" type="java.lang.String">
            <column name="CALLE" />
        </property>
        <property name="numero" type="int">
            <column name="NUMERO" />
        </property>
    </class>
</hibernate-mapping>
